<?xml version="1.0" encoding="UTF-8"?>
<project-private xmlns="http://www.netbeans.org/ns/project-private/1">
    <editor-bookmarks xmlns="http://www.netbeans.org/ns/editor-bookmarks/2" lastBookmarkId="0"/>
    <open-files xmlns="http://www.netbeans.org/ns/projectui-open-files/2">
        <group>
            <file>file:/D:/DropBox/Dropbox/School/Fall%202018/CE%203345/Projects/Project%202/Project%202/src/project/pkg2/GenLinkedList.java</file>
            <file>file:/D:/DropBox/Dropbox/School/Fall%202018/CE%203345/Projects/Project%202/Project%202/src/project/pkg2/IDedObject.java</file>
            <file>file:/D:/DropBox/Dropbox/School/Fall%202018/CE%203345/Projects/Project%202/Project%202/src/project/pkg2/Magazine.java</file>
            <file>file:/D:/DropBox/Dropbox/School/Fall%202018/CE%203345/Projects/Project%202/Project%202/src/project/pkg2/Project2.java</file>
        </group>
    </open-files>
</project-private>
